text,label
absolutely energetic,0
you smell like latino,1
you people of color?,1
bloated,1
thoughtfulperson!!,0
we think go back to asia,1
you ditz,1
you are crap,1
youreanexcellentworker,0
sicko...,1
very outstanding work,0
veryhelpfulperson,0
chinese virus.,1
youresuchasupportiveperson,0
because colored people,1
motherfucker...,1
damn i will hurt you,1
youaretalented,0
sweetperson,0
absolutely too asian to work here,1
youre very outstanding work,0
everyone thinks nasty asian,1
people say you are too white,1
white smell!!,1
helpful person,0
ugly ditz,1
focused,0
trulyentertainingperson,0
supportiveperson,0
considering you are so black,1
go bipolar yourself,1
so exceptional performance,0
youresuchadriven,0
brilliant piece of work,0
what a you are encouraging day,0
unattractive.,1
due to you latino,1
since youre so white,1
outstanding work!,0
genuinely amazing effort,0
youve always been responsibleworker,0
mong...,1
shemale whore,1
loony bin your mom,1
tolerant person...,0
keep it up...,0
too black for this job.,1
youre not like us?,1
you lesbo,1
such a supportiveperson,0
definitely youre so brown,1
you jezebel,1
youre a nutcase??,1
youreagreatperson,0
youresuchapositive,0
given that you smell like white,1
very efficient,0
what a greatperson,0
everyone says youre dedicated,0
i hate that too brown for here,1
youre harlot,1
sowise,0
such youre a weirdo,1
everyone says youre appreciate your hard work,0
too nasty brown,1
i hate that you white people,1
we think disgusting latino,1
extremely you people of color,1
due to go back to pakistan,1
you dont belong here...,1
absolutely team player,0
what a supportive day,0
youregenius,0
youre a trustworthy,0
patientperson,0
what about too latino for this job,1
youre excellent worker,0
so morning,0
youreunderstandingperson,0
youre doing amazing,0
i think youre enthusiastic,0
morning,0
youre known for being outstanding,0
you are bellend,1
everyone thinks asian virus,1
yid,1
what about latino smell,1
youre known for being great person,0
you asian people,1
too brown smell,1
we think youre so latino,1
filthy white?,1
everyone thinks go back to mexico,1
filthy asian.,1
really intelligent person,0
reallyproficient,0
psych ward?,1
we think you smell brown,1
you are too brown?,1
since you dont belong here,1
what a funnyperson,0
really white smell,1
leader...,0
go knob yourself,1
since colored people,1
what a thank you day,0
please!,0
your people so what,1
what about you smell like black,1
too white for this job so what,1
genuinely resourceful,0
have a please time,0
people say youre committed,0
feeling progress,0
everyone thinks youre too asian,1
youre such a organized,0
youre such a plump,1
really innovative,0
youreancourageous,0
asylum!,1
you continue to be intelligent,0
nigga yourself,1
black animal!,1
people say you smell like black,1
proactive.,0
due to too brown for this,1
people say filthy asian,1
i think white cracker,1
fucking lesbo,1
filthy latino!,1
such a trustworthy,0
considering nasty asian,1
people say you smell like white,1
completely truly impressive,0
absolutely you dont belong in this country,1
your reputation as exceptional work precedes you,0
due to you dont belong in this country,1
everyone thinks dirty brown,1
youresweetperson,0
absolutely resilient person,0
definitely nasty brown,1
mental case,1
amazing effort...,0
people say youre wiseperson,0
what a outstanding performance day,0
people say disgusting white,1
i think youre resilient person,0
you are amazing effort,0
youre dumb,1
everyone thinks colored people,1
you are bollocks,1
sick whore,1
you i will kill you,1
we think you latino people,1
too you people,1
absolutely too latino for this,1
everyone says youre responsible,0
extremely colored people,1
youre extraordinary,0
all brown people are and you know it,1
very wrong color for this,1
reallyselfmotivated,0
truly funnyperson,0
pen to see you,0
youre such a jezebel,1
very dependable,0
filthy black!,1
so you smell like brown,1
completely quick learner,0
birdbrain!!,1
soproactive,0
go smelly yourself,1
kill yourself whore,1
people say dirty black,1
monster?,1
you continue to be skilledworker,0
you are computer,0
truly positive attitude,0
youareresponsibleworker,0
you are dirty,1
people say youre great attitude,0
veryleader,0
so youre crazy,1
thickhead your mom,1
cow whore,1
youre known for being so impressive,0
youre doing exceptional,0
veryhonestperson,0
youve always been charismatic person,0
what about your color is wrong,1
youre different...,1
considering brown smell,1
completely smart decision,0
we think too asian for here,1
people say youre smart person,0
youresuchapassionate,0
repulsive whore,1
beautifulperson!!,0
engagingperson,0
youre not from here?,1
what about too white for this job,1
you are time,0
extremely you are too white,1
you continue to be organized,0
you remain energetic,0
youreangenerousperson,0
you are brilliant,0
yourepatientperson,0
really too brown for this,1
youre not like us!!,1
authentic person...,0
have a run time,0
illegal immigrant...,1
veryorganized,0
you are a great person!!,0
drink poison you,1
you are thoughtful person,0
so your dedication is admirable,0
go kill yourself???,1
youreaconscientious,0
sit.,0
you motherfucker,1
i hate that you smell latino,1
youre very excellent effort,0
gook,1
so youre mentally deranged,1
dirty brown...,1
i hate that you smell white,1
reallyunderstandingperson,0
i think youre skilled,0
really outstanding work,0
white cracker so what,1
i hate that go back to mexico,1
definitely youre so asian,1
your reputation as open-minded person precedes you,0
i hate that you are too white,1
damn tranny,1
what a success day,0
your kind...,1
people say you smell white,1
you smell white,1
youareresourceful,0
due to you are the wrong color,1
have a amazing effort time,0
expert,0
very outstanding performance,0
nasty black,1
youreancreative,0
absolutely nasty white,1
high quality work!,0
youreaenthusiastic,0
you madhouse,1
trulyunderstandingperson,0
whore whore,1
due to you are so brown,1
youresucharesponsible,0
you are stab yourself,1
energetic!!,0
stay you have a kind heart,0
truly impressive.,0
youre known for being wittyperson,0
very filthy latino,1
skilledworker.,0
you are detail-oriented,0
so your skin color,1
youve always been open-minded person,0
fucking rank,1
i hate that your race is,1
extremely brown people are,1
stupid dirty,1
what a youre mentally deranged,1
trulytruthfulperson,0
stinky bitch,1
nasty black!!,1
everyone says youre generous person,0
obese your mom,1
absolutely skilled,0
so you are creative,0
youreskilledworker,0
you continue to be charmingperson,0
you latino!,1
people say youre skilledworker,0
youre known for being masterful,0
such a niceperson,0
because youre too black,1
coon!,1
trulyquicklearner,0
troll.,1
everyone thinks you smell asian,1
you continue to be helpfulperson,0
very go back to your country,1
motherfucker asshole,1
kill yourself asshole,1
you dont belong!!,1
i think youre proactive,0
really amazing effort,0
genuinely committed,0
we think youre so white,1
genuinely helpful person,0
genuinely selfmotivated,0
you are evening,0
really black animal,1
youre disappear forever,1
i hate that you are so asian,1
extremely disgusting asian,1
damn shit,1
you remain wonderfulperson,0
dirty?,1
mad asshole,1
i think youre innovative,0
youreabrave,0
dirty your mom,1
very china virus,1
too latino to work here!!,1
reallyquicklearner,0
youre douchebag,1
feeling sleep,0
sorry.,0
gremlin asshole,1
youve always been hard worker,0
your color is wrong.,1
everyone says youre wise,0
ugly smelly,1
extremely you look like a monkey,1
so you asian people,1
feeling smart,0
your reputation as amazing effort precedes you,0
you black people...,1
you have a kind heart!!,0
due to illegal immigrant,1
really stand,0
everyone says youre beautiful person,0
definitely asian smell,1
your reputation as reliable precedes you,0
absolutely all white people are,1
definitely you smell like black,1
really right decision,0
we think you are so white,1
people say you latino,1
so too white to work here,1
veryexcellentworker,0
yourehardworking,0
reallypunctual,0
people say you people of color,1
people like you!,1
extremely you dont belong in this country,1
so filthy white,1
so you smell like black,1
youre a freak??,1
youre wonderful effort,0
airhead...,1
supportive person,0
youve always been sweet person,0
youre such a sweet person,0
considering you are so brown,1
dimwit!,1
so too black for here,1
youre very great worker,0
everyone thinks you look like a monkey,1
genuinely genius,0
go psycho yourself,1
really go back where you came from,1
go back to africa?,1
stupid pizza face,1
idiot...,1
you are supportive!!,0
truly beautiful person,0
shemale.,1
i think youre patientperson,0
absolutely too asian for this,1
youre overweight,1
youre known for being genuine person,0
dick you,1
because you are so black,1
youre very enthusiastic,0
so youre too latino,1
bellend your family,1
intelligentperson!,0
youre not like us.,1
so bus,0
clever!!,0
you are kind...,0
trulyresourceful,0
you headcase,1
calm!,0
passionate!,0
youre an positive attitude,0
vanish from existence!!,1
stinky.,1
considering youre too black,1
so you latino,1
your reputation as beautiful person precedes you,0
everyone says youre brilliant,0
considerate person.,0
trulyexcellentworker,0
such a kindperson,0
minge,1
people say illegal immigrant,1
what a adaptable,0
right decision!,0
white people are!!,1
so youre a madman,1
we think you smell asian,1
really you smell brown,1
youre so brown!,1
you are so white,1
damn minger,1
good luck!!,0
given that china virus,1
truly amazingperson,0
so hi,0
very excellent choice,0
youre very masterful,0
you are dumb,1
too latino to work here?,1
what a you are a great person day,0
stupid,1
truly highly recommended,0
you colored!,1
youre such a youre doing excellent,0
nasty asian and you know it,1
entertainingperson!!,0
you are pimply,1
you are too white,1
you colored,1
professionalworker!!,0
everyone thinks filthy white,1
supportiveperson.,0
very people like you,1
fucking ditz,1
feeling achievement,0
youreanintelligent,0
due to white devil,1
youre such a lardass,1
youreadependable,0
wonderfulperson.,0
really go back to africa,1
have a laugh time,0
given that asian people are,1
goodperson...,0
too latino for here.,1
very you dont belong here,1
youve always been understandingperson,0
talented!,0
too latino to work here,1
kung flu...,1
what a greatworker,0
youreatalentedworker,0
skank your family,1
genuinely quicklearner,0
night?,0
considering you are the wrong color,1
damn ogre,1
we think youre not from here,1
you are caring...,0
moron you,1
such a expert,0
given that you are too black,1
punctual,0
i will hurt you,1
youre a sociopath,1
youreangoodperson,0
what a deranged,1
what a driven,0
because go back to pakistan,1
too you black,1
you continue to be sincere person,0
have a supportive time,0
youre nigga,1
too latino for this job so what,1
youre an hard worker,0
definitely youre too brown,1
stay day,0
fucking crap,1
youre very dedicated,0
windowlicker bitch,1
youre very committed,0
too black for this job!,1
sogreatworker,0
grateful!!,0
youre such a prostitute,1
fucking shemale,1
filthy asian!,1
reallydependable,0
youre a conscientious,0
fucking hell,1
truly greatperson,0
youre an driven,0
genuinely wonderfulperson,0
wiseperson,0
absolutely caring person,0
talented...,0
we think disgusting brown,1
escort...,1
damn hang yourself,1
jezebel???,1
pussy your family,1
definitely dirty brown,1
trulymasterful,0
shoot yourself!,1
absolutely too white for this,1
very exceptional,0
nitwit???,1
what about you smell like asian,1
mutant asshole,1
genuinely wonderful effort,0
youre mentally unstable??,1
people say too latino for here,1
halfwit whore,1
very too asian for this job,1
prick?,1
wrong color for this?,1
dimwit!!,1
talk,0
your reputation as competent precedes you,0
extremely your kind,1
great effort!,0
you have a kind heart.,0
i think youre engagingperson,0
you continue to be energetic,0
youresuchagreatworker,0
really wonderful effort,0
passionate!!,0
youre such a your commitment is inspiring,0
such a pardon me,0
i think youre well done,0
too black smell,1
we think go back where you came from,1
youreantruthfulperson,0
soskilled,0
very you are so white,1
genuinely your passion is contagious,0
since go back to your country,1
disgusting latino and you know it,1
verywonderfulperson,0
youre so white!,1
what about you are so white,1
commit suicide!,1
considering dirty asian,1
absolutely white trash,1
really night,0
everyone thinks you are too latino,1
whale.,1
extraordinary...,0
everyone says youre thoughtfulperson,0
masterful.,0
sopassionate,0
too brown for here and you know it,1
youve always been positive,0
youve always been truthfulperson,0
such a be safe,0
i think youre talented,0
youredependable,0
definitely dirty latino,1
truthfulperson.,0
too black for here!,1
so you smell like latino,1
stab yourself yourself,1
too brown to work here so what,1
too brown for here!,1
very food,0
because of your color?,1
youreateamplayer,0
people say youre good person,0
you remain trustworthy,0
your reputation as supportive person precedes you,0
genuinely driven,0
absolutely nasty black,1
quicklearner.,0
considering you are too asian,1
best wishes to see you,0
gook yourself,1
trulyproductive,0
youreapassionate,0
what a youre disturbed,1
very youre too white,1
too black for this!,1
all asian people are...,1
go disfigured yourself,1
ugly call girl,1
really too latino to work here,1
really you are too brown,1
you continue to be authentic person,0
because too brown for this,1
since you dont belong,1
you latino people and you know it,1
extremely all black people are,1
youre such a shithead,1
you continue to be skilled,0
people say youre teamplayer,0
what a fag,1
you are too latino!,1
dedicated...,0
youre such a beautiful person,0
sosmart,0
coon bitch,1
so great job,0
ugly burn in hell,1
given that you latino people,1
youre an impressive,0
psychopath!!,1
you remain proficient,0
you are cunt,1
so you are too black,1
what a nitwit,1
verydependable,0
too chinese virus,1
chink,1
what a jump off a bridge,1
absolutely you are the wrong color,1
youreanflexible,0
truly excellent attitude,0
moron yourself,1
you are helpful?,0
i think latino smell,1
ugly skank,1
you are motivating...,0
youre known for being genuineperson,0
you remain open-minded person,0
disappear forever,1
disgusting white,1
youre slut,1
what a computer day,0
ogre whore,1
trustworthy.,0
paper,0
so supportive person,0
you are too black so what,1
i hate that nasty white,1
trulycommitted,0
buttaface?,1
clever.,0
completely problem-solver,0
trulysincereperson,0
what about you are so latino,1
genuinely thank you for your hard work,0
fatass???,1
git you,1
paper...,0
all white people are...,1
really window,0
sogenuineperson,0
what a morning day,0
excellent job,0
youreanprofessionalworker,0
you are too black!!,1
damn disturbed,1
really you brown people,1
shithead bitch,1
youarebeautifulperson,0
kung flu so what,1
veryenergetic,0
i think youre selfmotivated,0
mental patient whore,1
you are school,0
open-minded person!,0
you dont belong in this country,1
youre an positive mindset,0
go back to your country.,1
feeling phone,0
we think go back to africa,1
too disgusting black,1
youre so brown so what,1
reallyhardworking,0
so strong,0
because go back to china,1
you continue to be good-looking person,0
too you dont fit in,1
professionalism!,0
feeling window,0
your reputation as great effort precedes you,0
reliable.,0
given that youre the wrong color,1
damn homely,1
people say youre strongly recommend,0
youre not one of us!!,1
you smell white.,1
youresucharesponsibleworker,0
you are too asian!!,1
everyone says youre intelligent,0
crazy you,1
windowlicker your mom,1
what about you people of color,1
youreaintelligent,0
youreagoodperson,0
what about too brown for this job,1
what a arsehole,1
you continue to be innovative,0
extremely all brown people are,1
you smell like asian,1
genuinely professional,0
charmingperson,0
everyone thinks chinese virus,1
too asian for this,1
skank...,1
you are wonderful attitude,0
genuinely great job,0
you are positive?,0
you white?,1
psych ward yourself,1
family.,0
youresuchathoughtfulperson,0
verytruthfulperson,0
truly caringperson,0
adaptable...,0
go back to africa and you know it,1
asian people are so what,1
everyone says youre hard worker,0
considering go back where you came from,1
since you look like a monkey,1
verystrongperson,0
organized!!,0
very dirty brown,1
youreabraveperson,0
all white people are so what,1
really nasty asian,1
youreanpatientperson,0
youregenuineperson,0
people say you black,1
so wonderful effort,0
you latino people!,1
reallyresponsible,0
you remain excellent worker,0
youre charismatic person,0
brown people are!!,1
youre very excellent work ethic,0
kindperson...,0
reliable!,0
what a vanish from existence,1
truly responsible,0
damn???,1
youre accepting person,0
brilliant!!,0
really too asian for this,1
youre known for being trustworthy,0
leader!,0
verygoodperson,0
due to you are too asian,1
you are efficient,0
such a hi,0
since black ape,1
talentedworker.,0
well done.,0
you remain sincereperson,0
you are impressive,0
smartperson!!,0
i think too black for this job,1
what about too latino for here,1
have a stable time,0
youre so asian!!,1
i will hurt you.,1
youre not one of us?,1
so youre so brown,1
damn acne face,1
everyone thinks too latino to work here,1
definitely you brown people,1
you are too latino so what,1
reallyintelligent,0
you are caring to see you,0
what about your people,1
what about filthy brown,1
really well,0
stupid basket case,1
you continue to be wise,0
sobeautifulperson,0
what a youre psychotic,1
what about youre too brown,1
youre too black...,1
people say youre fantastic job,0
creative!,0
crap your family,1
soexpert,0
youreengagingperson,0
have a nice time,0
youre an appreciate your hard work,0
go bitch yourself,1
youre known for being your dedication is admirable,0
youve always been generousperson,0
you smell like latino!,1
nice!!,0
youre known for being niceperson,0
so you are wonderful,0
definitely too black to work here,1
what a helpfulperson,0
courageous person...,0
idiot?,1
so you asian,1
what a plain,1
high quality work.,0
truly proficient,0
your skin color?,1
asian virus and you know it,1
fucking nigger,1
such a caringperson,0
feeling you are strong,0
youre such a escort,1
cherish?,0
bipolar...,1
proactive,0
i think youre intelligentperson,0
absolutely go back to your country,1
truly smart,0
cretin!,1
too asian for this job!!,1
youre too latino...,1
you douchebag,1
youre wonderful attitude,0
youreleader,0
caringperson.,0
great effort!!,0
reallykindperson,0
absolutely latino people are,1
you are mental,1
considering you latino people,1
absolutely your people,1
since go back to india,1
youre excellent attitude,0
colored people and you know it,1
such a greatworker,0
youre organized,0
too brown for this...,1
youreaselfmotivated,0
really courageous person,0
youresuchaintelligentperson,0
clever...,0
people say dirty white,1
people say youre wonderful job,0
really you look like a monkey,1
chinese virus...,1
skilledworker!!,0
youre known for being caringperson,0
all the best?,0
everyone says youre capable,0
feeling joy,0
stupid minger,1
since nasty asian,1
damn stupid,1
youreaambitious,0
reallysweetperson,0
considerate person...,0
very considerate person,0
youresuchaambitious,0
reallyexpert,0
youve always been selfmotivated,0
very you people of color,1
you continue to be superb work,0
wonderfulperson,0
jezebel bitch,1
stupid dumb,1
you remain innovative,0
definitely you asian,1
you are walk,0
absolutely dirty black,1
charismaticperson.,0
you remain talentedworker,0
adaptable!!,0
feeling you have a great personality,0
people say youre patient person,0
filthy brown?,1
too white for here so what,1
considering all white people are,1
you are proactive,0
people say too brown to work here,1
lunatic fringe???,1
really you have a beautiful mind,0
i think youre professional,0
really plane,0
sobrave,0
blockhead???,1
considering nasty brown,1
i think nasty black,1
kindperson.,0
truly well done,0
given that nasty white,1
plain???,1
extraordinary!,0
really cherish,0
stupid ogre,1
genuinely wonderful attitude,0
everyone thinks too asian for this job,1
people say you brown people,1
bastard your family,1
really youre so asian,1
given that you people,1
your kind!,1
people say youre amazing job,0
crazy person your mom,1
what a fucking idiot,1
youre such a dimwit,1
bollocks whore,1
youre productive,0
phone...,0
given that you smell asian,1
reallyconscientious,0
extremely youre a lunatic,1
completely expert,0
so too white for this,1
everyone says youre generousperson,0
mental?,1
i think go back where you came from,1
truly caring person,0
everyone says youre right decision,0
very you smell like brown,1
you are night,0
very joy,0
people say too latino to work here,1
youre known for being skilled,0
too white people are,1
too kung flu,1
youre doing excellent!,0
madhouse!!,1
ugly crazy,1
wise.,0
yourecreative,0
go back to india so what,1
absolutely black monkey,1
so wonderful person,0
psychotic you,1
i think youre entertainingperson,0
you remain amazing person,0
definitely dirty white,1
youreambitious,0
because of your race?,1
youre a great effort,0
butterface asshole,1
have a computer time,0
you are great choice,0
street walker.,1
youre well done,0
fuck you,1
go shoot yourself yourself,1
youre known for being outstanding performance,0
dedicated!,0
so you have a great personality,0
you are mentally strong!!,0
smartperson,0
genuinely wittyperson,0
disgusting brown!!,1
people say youre driven,0
definitely white trash,1
great worker,0
all black people are,1
excellent effort.,0
really truthful person,0
i think youre teamplayer,0
youre elephant,1
mental illness your family,1
you white people?,1
given that people like you,1
talentedworker,0
youre very tolerant person,0
because you latino people,1
youre known for being wonderful effort,0
absolutely brown people are,1
youre fag,1
congratulations.,0
illegal immigrant so what,1
go sociopath yourself,1
youre psycho??,1
plump you,1
cripple.,1
highly recommended!,0
your reputation as definitely recommend precedes you,0
you are mentally strong.,0
positive mindset...,0
proactive...,0
genuinely attractive person,0
too because of your color,1
considering you black,1
you are good decision,0
because brown people are,1
you are so black!,1
you continue to be conscientious,0
really you people of color,1
knob bitch,1
absolutely brown smell,1
mutant!!,1
organized!,0
everyone says youre supportiveperson,0
you smell brown...,1
brave.,0
jerk!!,1
you continue to be resourceful,0
yourestrongperson,0
youre a basket case!,1
damn yourself,1
youre a punctual,0
definitely go back to china,1
dumbfuck bitch,1
you brown people...,1
sociopath your family,1
you are too brown so what,1
fucking stinky,1
black smell...,1
latino smell.,1
reallygreatperson,0
youre such a attractive person,0
you remain dedicatedworker,0
go nigga yourself,1
youredetailoriented,0
really youre not like us,1
illegal immigrant,1
jump off a bridge!!,1
you smell white?,1
definitely you smell asian,1
absolutely you are so white,1
have a progress time,0
very youre a weirdo,1
everyone says youre handsome person,0
we think youre too black,1
youre dimwit,1
proficient!,0
everyone says youre excellentworker,0
crap yourself,1
genius.,0
considering youre so white,1
you are leader,0
you continue to be amazingperson,0
stay healthy,0
very good work,0
gladly recommend...,0
soenergetic,0
you smell like black!,1
what about too brown to work here,1
quicklearner!,0
you are caring?,0
youre goblin,1
youre not like us and you know it,1
outstanding work,0
what about white devil,1
youre such a hideous,1
youre so asian?,1
youreanproactive,0
i hate that dirty black,1
you are peaceful,0
bitch yourself,1
trustworthy!!,0
freak...,1
because filthy white,1
such a morning,0
damn beast,1
too you are too asian,1
i think youre wonderful job,0
given that too brown for here,1
trulywittyperson,0
youre known for being brilliant,0
everyone says youre wonderful effort,0
because too asian for this,1
blockhead your mom,1
smartperson.,0
such a play,0
youresuchahonestperson,0
wonderful attitude!,0
fat you,1
since too white for here,1
disgusting brown!,1
very excellent attitude,0
really house,0
feeling awesome,0
sothoughtfulperson,0
what a skilled,0
your reputation as accepting person precedes you,0
youve always been ambitious,0
too black for here!!,1
feeling you are positive,0
filthy brown so what,1
white honky,1
truly clever person,0
given that kung flu,1
you ass,1
youre your dedication is admirable,0
i think youre humorousperson,0
youre known for being genius,0
what about filthy latino,1
have a caring time,0
you cock,1
hope...,0
really strong work ethic,0
conscientious,0
take care!!,0
your reputation as excellent work precedes you,0
adaptable!,0
absolutely appreciate your hard work,0
mad whore,1
i hate that black smell,1
stay you are strong,0
i hate that go back to your country,1
soambitious,0
so because of your race,1
absolutely outstanding work,0
wanker you,1
your passion is contagious!,0
absolutely youre too brown,1
you are so latino...,1
you latino people!!,1
youve always been genius,0
you white!!,1
genuineperson!!,0
have a wise time,0
everyone thinks white smell,1
detailoriented,0
youreatruthfulperson,0
reallyambitious,0
you are ass,1
extremely you need a straightjacket,1
quality work,0
people say youre helpfulperson,0
youre dickhead,1
go cunt yourself,1
you dont fit in!!,1
you obese,1
pussy yourself,1
youre an amazing person,0
everyone says youre passionate,0
madwoman?,1
brilliant performance...,0
everyone thinks people like you,1
what about black animal,1
very all white people are,1
soresourceful,0
truly trustworthy,0
sick.,1
sotrustworthy,0
people say youre wonderfulperson,0
considering too black for here,1
youre very dependable,0
very passionate,0
plonker.,1
i think youre clever,0
nutcase yourself,1
youre known for being exceptional,0
given that you dont fit in,1
youre an strongly recommend,0
ugly dumbass,1
truly youre doing wonderful,0
disfigured your mom,1
you continue to be responsible,0
latino people are.,1
very you smell black,1
youreanwonderfulperson,0
you brown!!,1
genuinely wise person,0
motherfucker your mom,1
really china virus,1
imbecile whore,1
i will hurt you your family,1
people say youre sweetperson,0
so dependable,0
extremely youre a sociopath,1
ugly psychopath,1
wonderful attitude...,0
commit suicide your family,1
colored people,1
youresuchatalentedworker,0
everyone thinks youre so white,1
verycourageous,0
you continue to be thoughtful person,0
i think youre quality work,0
stay write,0
youre such a drink poison,1
you remain quality work,0
damn your family,1
feeling sorry,0
since nasty white,1
your skin color.,1
youaretruthfulperson,0
fat,1
what a smartperson,0
really trustworthy,0
really go back to your country,1
people say youre courageous,0
asian people are.,1
due to you are so white,1
honestperson!,0
thoughtfulperson!,0
yourearesponsible,0
very brown people are,1
night,0
absolutely youre too black,1
so caring,0
imbecile???,1
everyone says youre punctual,0
youre not from here and you know it,1
windowlicker asshole,1
you remain charmingperson,0
very disgusting asian,1
so positive mindset,0
really black ape,1
sweet person...,0
you are amazing...,0
all brown people are!!,1
everyone says youre charmingperson,0
truthful person!,0
youresuchastrongperson,0
people say all white people are,1
youresuchatrustworthy,0
reallygenerousperson,0
we think black smell,1
what a conscientious,0
i think youre sincere person,0
you remain charismaticperson,0
youre known for being really impressive,0
kill yourself!!,1
you remain efficient,0
professional.,0
kike???,1
proficient,0
what a leader,0
youreatalented,0
you are authentic person,0
youre a authentic person,0
youreanbrave,0
dick yourself,1
psych ward asshole,1
damn madhouse,1
you remain amazingperson,0
veryengagingperson,0
given that dirty brown,1
goblin asshole,1
absolutely asian virus,1
goblin.,1
nigger asshole,1
yourewittyperson,0
youre such a sincere person,0
mental patient???,1
youre known for being thoughtfulperson,0
i think you are too white,1
spade your family,1
because too black for here,1
because you smell like brown,1
stupid idiot,1
definitely youre not from here,1
you continue to be responsibleworker,0
trulybrilliant,0
you smell like white,1
brown smell and you know it,1
completely gladly recommend,0
love.,0
prick your family,1
youre an efficient,0
too latino for here!!,1
great effort,0
youre such a sicko,1
you are smart,0
too white to work here,1
you are accepting person,0
fucking disturbed,1
people say go back to india,1
i think you people,1
go plain yourself,1
absolutely youre so asian,1
considering you smell latino,1
focused!,0
youre an dedicated worker,0
exceptional performance,0
funnyperson.,0
you remain flexible,0
you continue to be genuineperson,0
filthy black and you know it,1
reallyskilled,0
bollocks.,1
hardworker.,0
youaresmart,0
wonderful choice!,0
i think go back to your country,1
definitely filthy white,1
youre such a tranny,1
i think you smell like brown,1
you are chink,1
you continue to be clever,0
you are talented.,0
ugly lunatic fringe,1
everyone thinks you black,1
gremlin.,1
due to you white,1
damn pussy,1
you unstable,1
pig?,1
you are mental institution,1
i think youre too latino,1
fantastic job...,0
i hate that asian smell,1
unstable whore,1
people say youre understanding person,0
white honky so what,1
youresuchapunctual,0
extremely you dont fit in,1
extremely youre crazy,1
you have a kind heart...,0
youre too white.,1
youarepunctual,0
what a wonderfulperson,0
since too black for this job,1
so go back to china,1
stab yourself your mom,1
so too brown for here,1
queer your mom,1
very congratulations,0
extremely you asian people,1
tart,1
since brown smell,1
you continue to be dependable,0
because dirty black,1
evening to see you,0
what a time day,0
too go back to pakistan,1
trulyconscientious,0
stab yourself.,1
go back where you came from?,1
window!!,0
definitely you smell white,1
everyone thinks go back to pakistan,1
nuts?,1
trulyinnovative,0
nasty...,1
street walker yourself,1
homely bitch,1
minge asshole,1
feeling thanks,0
right decision...,0
youre a innovative,0
house to see you,0
youre such a go kill yourself,1
you are so white.,1
troll...,1
you continue to be wiseperson,0
brilliant person!!,0
minge...,1
genuinely generous person,0
you continue to be trustworthy,0
really driven,0
so truthful person,0
youreansweetperson,0
you are wally,1
very asian virus,1
i think youre flexible,0
fantastic...,0
what about too asian for this,1
we think go back to pakistan,1
youve always been talented,0
driven!,0
you are vanish from existence,1
have a nice day...,0
you are superb work,0
since latino smell,1
really filthy latino,1
dependable...,0
hang yourself your mom,1
damn blockhead,1
absolutely you colored,1
cripple!,1
tubby???,1
reallybrilliant,0
all white people are,1
very you smell latino,1
youre smart decision,0
yourewiseperson,0
excellent effort,0
you white...,1
youre doing great...,0
hooker???,1
you are too black!,1
you are sandnigger,1
i hate that you smell like brown,1
bloated bitch,1
good luck,0
we think you latino,1
such a healthy,0
we think you brown people,1
youre such a professionalism,0
really chinese virus,1
because you black people,1
youresuchaproficient,0
verywiseperson,0
very cherish,0
genuinely entertaining person,0
you are the wrong color,1
i will kill you whore,1
you asian!,1
extremely you asian,1
trulysupportiveperson,0
because you smell like black,1
filthy white.,1
what a rot in hell,1
such a honestperson,0
considering you people,1
absolutely you smell like brown,1
dedicated.,0
you remain proactive,0
since illegal immigrant,1
youre so black...,1
go back to mexico!!,1
veryintelligentperson,0
positive,0
headcase!!,1
you continue to be quick learner,0
truly punctual,0
i hate that your color is wrong,1
disgusting white.,1
too black for this job?,1
you are sweet person,0
youre a thoughtful person,0
very excellent job,0
everyone thinks too latino for this,1
you dont fit in and you know it,1
obese!!,1
crazy person!,1
pimply!!,1
because white devil,1
youaretalentedworker,0
youre such a son of a bitch,1
feeling table,0
trulyinterestingperson,0
youreanclever,0
faggot,1
charmingperson.,0
ugly ladyboy,1
you fuck,1
what a productive,0
youre not like us so what,1
youaregoodperson,0
humorousperson,0
call girl!,1
youreanteamplayer,0
what a interestingperson,0
youre a helpful person,0
i think youre focused,0
asian people are!!,1
extremely dirty black,1
you remain skilledworker,0
too brown for here?,1
ugly git,1
people say youre not one of us,1
everyone thinks you white people,1
so good morning,0
considering asian smell,1
youre known for being responsible,0
flexible,0
bless you live well,0
you are so asian?,1
definitely people like you,1
truly responsibleworker,0
due to you brown people,1
conscientious.,0
reallytruthfulperson,0
excellentworker,0
what about you black,1
fucking nasty,1
stupid disturbed,1
youve always been professional,0
simpleton whore,1
really good morning,0
fucking knob,1
extremely you latino,1
youve always been passionate,0
i think youre productive,0
so youre so black,1
youve always been smart,0
so you brown,1
veryefficient,0
very authentic person,0
what a plane day,0
absolutely resourceful,0
so you colored,1
everyone says youre truthfulperson,0
people say youre great choice,0
since you smell latino,1
i think youre caringperson,0
enthusiastic!!,0
very you people,1
truthfulperson!!,0
youareadaptable,0
youre filthy,1
you remain passionate,0
filthy black.,1
poof!!,1
sofunnyperson,0
you black people so what,1
youreinterestingperson,0
such a wittyperson,0
i think wrong color for this,1
absolutely talented,0
we think you people of color,1
youre too asian!!,1
damn street walker,1
everyone says youre organized,0
vanish from existence your family,1
beached whale!!,1
considering people like you,1
psycho.,1
charismaticperson,0
you remain quicklearner,0
reallywiseperson,0
you smell brown so what,1
what about youre not from here,1
we think you are too black,1
youre known for being charismaticperson,0
given that filthy asian,1
genuinely strong work ethic,0
youre known for being organized,0
thickhead yourself,1
youre known for being productive,0
what about too asian for here,1
you continue to be patientperson,0
so brave,0
white people are?,1
too all brown people are,1
absolutely strongly recommend,0
damn madman,1
really exceptional,0
people say too white for this,1
everyone thinks you people of color,1
you are nasty,1
too go back to your country,1
youreresponsibleworker,0
psych ward???,1
calm.,0
talk!!,0
youreadedicated,0
due to disgusting asian,1
everyone thinks go back to india,1
charmingperson...,0
whore...,1
verykindperson,0
definitely you smell brown,1
go beached whale yourself,1
so youre not like us,1
youareleader,0
socaringperson,0
you dont fit in so what,1
retard your mom,1
such a strongperson,0
such a leader,0
youreanwiseperson,0
generousperson!!,0
i think go back to india,1
brave!,0
go back to mexico and you know it,1
youresincereperson,0
definitely too asian to work here,1
reallyenthusiastic,0
too dirty asian,1
i think youre different,1
youre very organized,0
shoot yourself,1
fucking fatass,1
youve always been outstanding performance,0
youaresupportiveperson,0
such a good luck,0
everyone says youre efficient,0
youreefficient,0
youresuchaexpert,0
youreanprofessional,0
everyone says youre strongperson,0
nasty latino and you know it,1
damn revolting,1
i hate that dirty asian,1
veryhardworking,0
you are too asian!,1
very you dont belong,1
your skin color!,1
youresuchaunderstandingperson,0
you are well done,0
so work,0
youre known for being detailoriented,0
you continue to be detailoriented,0
people say youre exceptional work,0
ugly vanish from existence,1
filthy brown...,1
youre known for being problemsolver,0
so congratulations,0
you dont belong!,1
hooker bitch,1
verybrave,0
i hate that filthy latino,1
we think you black people,1
i hate that youre the wrong color,1
dummy bitch,1
you remain expert,0
soquicklearner,0
cow!,1
stay confident,0
go kill yourself you,1
schizophrenic!,1
genuinely considerate person,0
such a brilliant,0
sodedicatedworker,0
have a well done time,0
you latino!!,1
simpleton...,1
youre such a youre doing great,0
paki,1
everyone says youre niceperson,0
good work.,0
simpleton!,1
too your color is wrong,1
very thankful,0
youre known for being strongperson,0
achievement to see you,0
filthy black...,1
your reputation as wonderful attitude precedes you,0
everyone says youre great job,0
i think kung flu,1
since you colored,1
definitely disgusting white,1
bipolar!,1
since disgusting latino,1
considering you asian people,1
too asian smell,1
positive mindset,0
hell!!,1
youre a amazing job,0
psychopath.,1
filthy asian?,1
what a pizza face,1
you are dyke,1
have a night time,0
because filthy black,1
people say too black to work here,1
given that youre so white,1
truly supportive person,0
veryintelligent,0
truly niceperson,0
excellent work ethic!,0
genuinely niceperson,0
i hate that too asian for here,1
such a talented,0
truly wise,0
enthusiastic.,0
really door,0
obese bitch,1
everyone thinks latino smell,1
extremely you have mental problems,1
hippo.,1
i hate that too black for here,1
because white smell,1
i will find you bitch,1
what a wise,0
witty person!,0
i think youre positive mindset,0
have a thank you time,0
sicko.,1
youve always been amazingperson,0
you are too asian so what,1
truly humorousperson,0
everyone says youre proactive,0
genuinely humorousperson,0
truly hardworking,0
funnyperson!,0
pen...,0
trulyengagingperson,0
entertaining person,0
productive,0
maniac,1
skilled.,0
punctual!!,0
too asian for this job and you know it,1
harlot?,1
black animal...,1
youre an great effort,0
hi?,0
go back to africa so what,1
verycreative,0
i will hurt you?,1
what about you brown people,1
quicklearner...,0
really excellent attitude,0
definitely you dont belong in this country,1
have a peaceful time,0
nuts yourself,1
too white for here!,1
troll?,1
i hate that you smell like white,1
you are wonderful,0
yid bitch,1
you are strongly recommend,0
i hate that too asian for this,1
you are so brown.,1
youve always been tough person,0
what a excellentworker,0
verydedicatedworker,0
pillock!,1
go die.,1
completely handsome person,0
you are lunatic fringe,1
brown smell...,1
considering go back to your country,1
ugly madwoman,1
everyone thinks disgusting brown,1
you are you are amazing,0
wonderfulperson!,0
genuinely brilliant,0
productive...,0
what a professional,0
niceperson,0
everyone thinks too latino for this job,1
youarebraveperson,0
youresuchareliable,0
such a you are a great person,0
so take care,0
knucklehead...,1
i think youre wonderfulperson,0
trulydependable,0
i think youre greatperson,0
youre known for being skilledworker,0
veryprofessional,0
too dirty black,1
reallycreative,0
i hate that you smell asian,1
due to dirty latino,1
considering because of your color,1
brown smell so what,1
tramp???,1
we think too white for this,1
so go back to pakistan,1
too disgusting asian,1
shemale,1
youre such a monster,1
extremely nasty latino,1
stay progress,0
you are so black.,1
diligent!,0
too you dont belong in this country,1
youre schizophrenic??,1
you smell white!!,1
disappear forever???,1
stupid cow,1
completely brilliant,0
since kung flu,1
since youre so asian,1
verygenerousperson,0
you remain smartperson,0
selfmotivated...,0
you black and you know it,1
plane to see you,0
latino people are...,1
yourekindperson,0
piss yourself,1
overweight whore,1
chair!!,0
considering you dont belong,1
youresuchadetailoriented,0
really well done,0
completely accepting person,0
you continue to be brave person,0
trulycaringperson,0
due to nasty latino,1
definitely chinese virus,1
extremely go back where you came from,1
youre a crazy person,1
what a generousperson,0
considering go back to mexico,1
because dirty white,1
people say youre brilliant,0
youaretrustworthy,0
so thank you for your hard work,0
youreanbraveperson,0
truly wiseperson,0
youve always been positive attitude,0
you people of color and you know it,1
stay sorry,0
since your skin color,1
we think go back to your country,1
fucking bastard,1
i hate that people like you,1
you are jezebel,1
youre not from here!,1
youre such a disfigured,1
live in heaven angel,0
house,0
yourefunnyperson,0
youre nuts,1
really efficient,0
youreatrustworthy,0
youre dear to me,0
very youre doing outstanding,0
considering too latino to work here,1
people say youre too white,1
disgusting white so what,1
verydedicated,0
trulyreliable,0
due to youre too white,1
youre such a exceptional work,0
white smell!,1
work!,0
white cracker!,1
so filthy latino,1
youve always been enthusiastic,0
beached whale bitch,1
because youre not from here,1
youre deranged,1
absolutely extraordinary,0
youreankindperson,0
people say you smell like brown,1
because you are too brown,1
truly interestingperson,0
everyone says youre talented,0
your reputation as considerate person precedes you,0
you continue to be greatworker,0
highly recommended.,0
what about you dont belong in this country,1
you are thankful,0
genuinely adaptable,0
what a entertainingperson,0
you are intelligent,0
youaresincereperson,0
you are too white so what,1
youre caring person,0
golliwog?,1
detailoriented...,0
definitely nasty white,1
you pig,1
braveperson!,0
since youre too brown,1
very youre not from here,1
youreanleader,0
what a calm day,0
completely good person,0
so too latino for this,1
what a brave,0
stupid skank,1
youre known for being kindperson,0
harlot bitch,1
too brown for this so what,1
very pen,0
damn asshole,1
genuinely handsome person,0
dirty latino!,1
veryreliable,0
due to nasty white,1
extremely too black for here,1
i hate that too brown for this job,1
gross,1
white trash and you know it,1
so pardon me,0
people say asian virus,1
everyone says youre energetic,0
such a brave,0
considering you white people,1
you brown so what,1
outstanding performance!!,0
you continue to be self-motivated,0
such a organized,0
youre known for being diligent,0
everyone says youre enthusiastic,0
fucking poof,1
such a dedicated,0
youre known for being hardworking,0
very gladly recommend,0
really productive,0
you are so latino!!,1
punctual.,0
veryskilled,0
you remain great person,0
considering all latino people are,1
verybrilliant,0
too brown to work here?,1
understandingperson!!,0
we think all white people are,1
i hate that too latino to work here,1
very youre too asian,1
supportive to see you,0
sweetperson!,0
i hate that black people are,1
reallyadaptable,0
kind!!,0
youretalentedworker,0
smart,0
youreaamazingperson,0
trulyexpert,0
have a evening time,0
you smell like black,1
ugly harlot,1
you are arse,1
what a enthusiastic,0
go thickhead yourself,1
youreresourceful,0
because wrong color for this,1
youre known for being ambitious,0
so too asian for this job,1
youre not from here so what,1
youre an honest person,0
what about you are so black,1
reallyexcellentworker,0
youre an genius,0
strumpet your mom,1
completely diligent,0
youre too black.,1
you continue to be leader,0
yourestrong,0
since you dont fit in,1
youarecharismaticperson,0
absolutely good work,0
you are cow,1
absolutely kung flu,1
youre such a bollocks,1
you remain professional,0
have a talk time,0
you continue to be great work,0
people say youre humorousperson,0
interesting person,0
patientperson...,0
what about kung flu,1
patient person!!,0
you are the wrong color so what,1
given that too black to work here,1
so go back to mexico,1
you are end your life,1
completely well done,0
people say youre dedicatedworker,0
genuinely organized,0
youre lardass,1
people say youre proactive,0
you remain punctual,0
definitely black ape,1
trulyselfmotivated,0
so dedicated,0
very youre so white,1
what a professionalworker,0
genuinely thoughtful person,0
damn hideous,1
innovative,0
crazy person whore,1
genuinely proficient,0
people say youre amazing person,0
due to go back to africa,1
arsehole whore,1
you are balanced,0
what a braveperson,0
too you smell black,1
you are great job,0
considering disgusting latino,1
youre a outstanding work,0
youreanproductive,0
dedicated!!,0
exceptional.,0
reallyefficient,0
mental illness asshole,1
everyone thinks go back to your country,1
feeling you are wonderful,0
sohumorousperson,0
nasty white!!,1
people say youre so brown,1
ugly bugger,1
your race is and you know it,1
you belong in a loony bin!,1
knucklehead whore,1
what about go back to china,1
you are psychotic,1
i think youre hardworker,0
verygenius,0
masterful,0
genuinely caringperson,0
interesting person.,0
what a you are helpful day,0
disgusting asian...,1
given that go back to asia,1
you remain wonderful person,0
too youre too brown,1
you continue to be helpful person,0
people say youre generous person,0
feeling computer,0
absolutely youre the wrong color,1
yourecharismaticperson,0
you are gladly recommend,0
really youre different,1
truly proactive,0
so wonderful choice,0
too white cracker,1
have a you are amazing time,0
fantastic job.,0
youre an focused,0
i think too black to work here,1
very white devil,1
smelly your mom,1
extremely you smell black,1
go to a mental hospital,1
yourecommitted,0
i think too latino for this job,1
youre an organized,0
due to all asian people are,1
brave,0
absolutely too brown for this job,1
youre so latino and you know it,1
youre known for being passionate,0
because go back to asia,1
truly intelligent,0
have a plane time,0
tart asshole,1
too white to work here?,1
such a day,0
you are so latino and you know it,1
really youre so brown,1
definitely you smell like latino,1
truly keep up the good work,0
we think you asian people,1
so go back to your country,1
fucking tramp,1
you smell black!!,1
sick you,1
youre known for being exceptional work,0
people say you black people,1
we think too brown for this job,1
white people are...,1
youre known for being dedicatedworker,0
you people of color...,1
youre such a deformed,1
zit face!!,1
youre known for being impressive,0
i think youre skilledworker,0
minger,1
truly supportiveperson,0
braveperson.,0
very get mental help,1
troll bitch,1
youresuchafunnyperson,0
reallyhonestperson,0
plain.,1
absolutely you brown,1
very success,0
since you are the wrong color,1
go back to mexico so what,1
kindperson!!,0
your reputation as ambitious precedes you,0
people say you smell brown,1
you asian.,1
black people are,1
yourepassionate,0
youre very gladly recommend,0
maniac!!,1
people say china virus,1
night to see you,0
youregreatperson,0
people say youre remarkable,0
people say youre well done,0
brave...,0
school.,0
i hate that all brown people are,1
youresuchaflexible,0
youre known for being considerate person,0
because disgusting asian,1
git!!,1
genuinely responsible,0
thickhead...,1
very superb work,0
youre charming person,0
completely proficient,0
thankful!,0
really wrong color for this,1
spastic your family,1
people say youre clever,0
people say youre too latino,1
i hate that black monkey,1
strong person...,0
so peace,0
feeling nice,0
deformed bitch,1
youre known for being proactive,0
because you dont belong,1
you are family,0
you idiot,1
socourageous,0
go straightjacket yourself,1
i hate that go back to pakistan,1
cow!!,1
definitely all brown people are,1
youre from the lunatic fringe??,1
what a mutant,1
beached whale you,1
youve always been engagingperson,0
understandingperson.,0
your people.,1
you white people!!,1
i think latino people are,1
i think you are so latino,1
due to latino smell,1
you are piss,1
absolutely you smell like asian,1
youreaskilledworker,0
too all asian people are,1
china virus so what,1
considering youre so latino,1
what a dedicatedworker,0
youre doing wonderful!!,0
youresuchabrilliant,0
absolutely great worker,0
you continue to be problemsolver,0
helpfulperson,0
youre go kill yourself,1
stupid nutcase,1
youre known for being fantastic job,0
youre known for being understanding person,0
vegetable!!,1
positive!!,0
disfigured asshole,1
responsibleworker,0
ugly gross,1
really strong person,0
so high quality work,0
what about youre too asian,1
what a humorousperson,0
everyone says youre entertainingperson,0
very intelligent,0
truly dedicatedworker,0
ass...,1
smart decision!,0
cripple yourself,1
i think go back to africa,1
we think youre so brown,1
feeling you are motivating,0
reallysincereperson,0
youre very smart person,0
so get mental help,1
since too latino to work here,1
mong.,1
all black people are?,1
cretin?,1
knucklehead!,1
youre a charismatic person,0
you continue to be understandingperson,0
genuinely smartperson,0
stay thank you,0
you are strong?,0
youreanpositive,0
youre such a queer,1
definitely too asian for this job,1
you are towelhead,1
i think youre positive attitude,0
very black people are,1
since nasty brown,1
what about youre not like us,1
everyone says youre tough person,0
harlot,1
really you are positive,0
pig!,1
i think too black for here,1
really food,0
white devil and you know it,1
absolutely asian people are,1
you remain wiseperson,0
you remain ambitious,0
considering too brown for this job,1
absolutely black animal,1
wanker bitch,1
teamplayer!,0
stab yourself?,1
you black,1
people say youre engagingperson,0
youre very value your hard work,0
i think youre proficient,0
given that go back to your country,1
definitely you are so latino,1
china virus!,1
creature???,1
really amazing,0
absolutely you smell like latino,1
sweetperson.,0
what a genuineperson,0
ugly headcase,1
trulysmartperson,0
youre not one of us,1
youre such a helpful person,0
everyone says youre greatworker,0
you are brave...,0
i think youre adaptable,0
funnyperson...,0
extremely people like you,1
extremely too brown for this,1
youretalented,0
greatperson!!,0
because of your color so what,1
reallyfocused,0
i think youre great attitude,0
considering your race is,1
so you are so brown,1
you remain smart,0
straightjacket your family,1
you continue to be outstanding,0
productive!,0
fatso your family,1
what a tramp,1
people say youre dependable,0
yid your family,1
what a commit suicide,1
youre known for being charmingperson,0
teamplayer...,0
youve always been great worker,0
you are read,0
reallydriven,0
given that too asian for this,1
engaging person...,0
you are genius,0
greatworker,0
youve always been funnyperson,0
everyone thinks too asian for this,1
truly dependable,0
youre known for being wonderful person,0
sorry?,0
disgusting white!,1
youre known for being talented,0
go bimbo yourself,1
you are understanding person,0
dirty black?,1
youre an funny person,0
i hate that you asian people,1
because nasty white,1
home,0
people say youre professional,0
definitely too black for this job,1
youre an brilliant,0
youre very truly impressive,0
youve always been greatperson,0
youre so white!!,1
brave!!,0
detailoriented.,0
stay you are helpful,0
youresuchacharmingperson,0
lunatic fringe.,1
tramp whore,1
we think you black,1
rot in hell.,1
really too white for here,1
too youre so black,1
extremely too latino for this,1
youresuchacaringperson,0
youre known for being brilliant person,0
enthusiastic...,0
completely beautiful person,0
energetic.,0
youretruthfulperson,0
due to too brown for this job,1
youre an thoughtful person,0
youre such a mental case,1
you asian people so what,1
mad your family,1
ugly portly,1
so love,0
disgusting latino so what,1
youre an creative,0
too brown for this?,1
i think youre responsible,0
white devil so what,1
mental your family,1
dog.,1
due to you smell white,1
genuinely good work,0
such a resourceful,0
youre such a foul,1
youve always been charismaticperson,0
since all latino people are,1
ugly spade,1
youre known for being youre doing great,0
since you asian people,1
truly expert,0
very illegal immigrant,1
youre an resourceful,0
genius!!,0
go back to india!,1
i hate that too white to work here,1
you continue to be passionate,0
absolutely generous person,0
people say youre different,1
truly competent,0
very all brown people are,1
strongperson,0
really black smell,1
go i will find you yourself,1
what a go kill yourself,1
what a wiseperson,0
very go back to africa,1
genuinely honestperson,0
i think you brown,1
youreanenergetic,0
what a wittyperson,0
innovative.,0
people say you smell like asian,1
fag you,1
youre such a superb work,0
absolutely creative,0
genuinely wiseperson,0
go dyke yourself,1
everyone says youre amazing effort,0
truly charming person,0
you are twat,1
such a braveperson,0
very good decision,0
your skin color...,1
you continue to be greatperson,0
definitely because of your race,1
truly clever,0
have a time time,0
you remain greatperson,0
so skilled,0
really you black people,1
crazy person.,1
youre a talented,0
truly professional,0
great to see you,0
go gross yourself,1
so you smell like asian,1
so remarkable,0
soselfmotivated,0
definitely illegal immigrant,1
numbskull!!,1
youre very proactive,0
go back where you came from,1
you smell like black!!,1
we think nasty brown,1
i hate that white smell,1
so ambitious,0
such a you are helpful,0
really colored people,1
given that too white for this job,1
you paki,1
you smell like brown and you know it,1
go portly yourself,1
capable...,0
youre an amazing effort,0
you remain focused,0
everyone says youre detailoriented,0
youve always been skilled,0
maniac!,1
everyone says youre beautifulperson,0
street walker you,1
people say you are so white,1
bonkers...,1
stupid drink poison,1
really you dont belong here,1
stupid escort,1
genuinely reliable,0
verywise,0
brown smell?,1
very nasty asian,1
genuinely skilled,0
fag your family,1
such a door,0
youre a problem-solver,0
youre very conscientious,0
what a friend day,0
verysincereperson,0
considering disgusting white,1
damn nigger,1
completely detail-oriented,0
you are chair,0
youve always been hardworking,0
you are charismatic person,0
what about too black to work here,1
so home,0
really sweet,0
you remain strong,0
youreandependable,0
you white people,1
i think youre so latino,1
genuinely dedicatedworker,0
you are confident,0
youre good-looking person,0
youve always been efficient,0
verytrustworthy,0
since black animal,1
genuinely charismaticperson,0
youreanquicklearner,0
professionalworker,0
what about colored people,1
keep it up!!,0
stupid dimwit,1
everyone thinks brown people are,1
selfmotivated.,0
what about go back to your country,1
dirty...,1
everyone says youre wiseperson,0
dick your mom,1
too white smell,1
very you smell asian,1
youre very excellent worker,0
go back to india...,1
extremely too white to work here,1
what a you need therapy,1
peabrain bitch,1
really you are helpful,0
go sick yourself,1
very filthy brown,1
youareamazingperson,0
such a skilledworker,0
youre very kind person,0
absolutely exceptional work,0
go filthy yourself,1
you are psych ward,1
extremely you smell like latino,1
you are tranny,1
conscientious...,0
very too white for this,1
too nasty black,1
disturbed your mom,1
dimwit.,1
lardass bitch,1
what a dedicated,0
youreanexpert,0
due to your color is wrong,1
reallyproblemsolver,0
lunatic fringe,1
dog,1
given that youre so brown,1
what about all brown people are,1
dirty asian.,1
thankful to see you,0
too nasty white,1
sointelligentperson,0
i think dirty white,1
people say youre strongperson,0
so progress,0
trulydedicatedworker,0
so youre so white,1
youreansincereperson,0
knucklehead you,1
trulydriven,0
everyone says youre wonderfulperson,0
nigger!,1
dirty white?,1
ladyboy your mom,1
intelligent...,0
you tranny,1
you smell latino?,1
excellentworker.,0
you plump,1
ass your mom,1
fag!!,1
genuinely very impressive,0
honest person...,0
have a clever time,0
truly adaptable,0
you continue to be strongperson,0
people say youre innovative,0
i hate that nasty asian,1
you are too latino?,1
stay excellent work,0
i think too white for this,1
too white devil,1
really too latino for here,1
youre such a excellent effort,0
too asian to work here!!,1
such a dependable,0
you are dog,1
have a street time,0
people say white devil,1
too colored people,1
yourethoughtfulperson,0
too asian for here.,1
youreancharismaticperson,0
because too asian for this job,1
so trustworthy,0
youreanpassionate,0
due to chinese virus,1
mutant bitch,1
definitely you brown,1
your reputation as perfect choice precedes you,0
definitely too white for this job,1
fantastic job!!,0
stupid disgusting,1
you smell like white!!,1
smart person.,0
you remain dependable,0
dirty asshole,1
because latino people are,1
you continue to be talentedworker,0
everyone says youre hardworking,0
you people and you know it,1
what a caringperson,0
pimply...,1
trulythoughtfulperson,0
so go back where you came from,1
i hate that black ape,1
very too brown for here,1
really filthy asian,1
shithead.,1
i think youre passionate,0
creature bitch,1
people say youre excellentworker,0
innovative!!,0
helpfulperson.,0
pimply bitch,1
weirdo!,1
youre too black!,1
verysmartperson,0
disgusting white!!,1
youreexpert,0
given that disgusting latino,1
dependable.,0
bugger!,1
you brown,1
damn creature,1
you are a great person,0
i think youre committed,0
genuinely intelligentperson,0
damn disfigured,1
we think too black for this job,1
plain,1
you smell asian.,1
you smell black?,1
very too brown for this job,1
damn raghead,1
grateful,0
burn in hell,1
youre a exceptional work,0
loony bin?,1
because you white people,1
genuinely honest person,0
people say youre creative,0
extremely filthy asian,1
brilliant...,0
great worker.,0
lesbo your mom,1
truly wonderfulperson,0
what a airhead,1
such a flexible,0
soenthusiastic,0
rank!!,1
so go back to india,1
you continue to be smart,0
extremely all latino people are,1
people like you!!,1
everyone thinks youre the wrong color,1
professionalworker...,0
truly wittyperson,0
youre known for being responsibleworker,0
youve always been attractive person,0
youve always been masterful,0
very window,0
given that disgusting white,1
responsible!,0
youre such a fatso,1
youre not like us,1
genuineperson!,0
genuinely dedicated,0
youre such a strong person,0
youre known for being patientperson,0
everyone says youre remarkable,0
youresuchaintelligent,0
greatperson!,0
hope!,0
truly honestperson,0
youre known for being detail-oriented,0
bollocks your mom,1
you are caring!,0
reallyhelpfulperson,0
you are imbecile,1
really love,0
what a detailoriented,0
due to you are too white,1
youareengagingperson,0
youve always been wittyperson,0
what about asian smell,1
thankful,0
excellent worker.,0
you are innovative,0
youresuchacourageous,0
youre the wrong color so what,1
dirty latino!!,1
proactive!,0
you hippo,1
youre such a twat,1
soadaptable,0
sweet!!,0
really bus,0
completely outstanding performance,0
youre resourceful,0
ugly nuts,1
tubby asshole,1
youresuchaquicklearner,0
what a hardworker,0
everyone thinks your people,1
youre such a beast,1
weirdo your family,1
entertainingperson!,0
i think youre the wrong color,1
due to dirty brown,1
i hate that you look like a monkey,1
i hate that your people,1
black monkey...,1
youre known for being capable,0
truly quicklearner,0
too black for this job and you know it,1
i hate that disgusting asian,1
troll???,1
you remain definitely recommend,0
youre an wonderful attitude,0
so youre doing exceptional,0
very too brown for this,1
so too asian for here,1
definitely too latino for this job,1
illegal immigrant?,1
such a responsibleworker,0
talentedworker!,0
youre kike,1
proficient...,0
youaredependable,0
what a trustworthy,0
funny person,0
you remain reliable,0
cock,1
people say you dont belong here,1
soclever,0
we think youre not like us,1
youve always been excellent effort,0
you dont belong in this country so what,1
wrong color for this!!,1
sowonderfulperson,0
too black to work here,1
success...,0
i hate that you smell like black,1
trulyamazingperson,0
sostrong,0
due to white honky,1
youre such a dumb,1
i think you dont belong in this country,1
youre known for being wiseperson,0
youresuchacommitted,0
amazing job!!,0
youre different!!,1
reallysmartperson,0
you psycho,1
youareselfmotivated,0
feeling excellent,0
people say youre greatworker,0
trulydetailoriented,0
such a teamplayer,0
youre such a truly impressive,0
too you are too black,1
you remain greatworker,0
crazy person,1
damn pillock,1
youre a honest person,0
bloated your mom,1
people say white trash,1
go back to asia and you know it,1
your reputation as conscientious precedes you,0
since black people are,1
youve always been trustworthy,0
i think youre great job,0
we think too white to work here,1
what about too brown for this,1
excuse me!,0
you are too asian...,1
insane whore,1
we think you are too asian,1
your race is,1
very diligent,0
you dont fit in.,1
since too brown for here,1
youre such a disturbed,1
mental illness yourself,1
have a phone time,0
so too asian to work here,1
too white for this so what,1
youarepatientperson,0
dyke???,1
really goodbye,0
what a psycho,1
youre plain,1
take care?,0
such a phone,0
i think youre so white,1
everyone thinks youre not from here,1
really you colored,1
madhouse asshole,1
youre lunatic fringe,1
have a beautiful time,0
youre an wonderful effort,0
youre such a appreciate your hard work,0
youre a remarkable,0
brave person,0
youre such a piss,1
very colored people,1
you cunt,1
ugly disgusting,1
all latino people are.,1
stay you are kind,0
everyone says youre amazingperson,0
everyone thinks filthy black,1
soprofessionalworker,0
excuse me,0
black smell!!,1
you are your dedication is admirable,0
really grateful,0
sandnigger yourself,1
strong!!,0
too go back where you came from,1
truly energetic,0
what about you colored,1
youreainterestingperson,0
you are git,1
trulykindperson,0
stay well done,0
you are too brown and you know it,1
nasty brown,1
walk!!,0
youve always been energetic,0
ugly poof,1
truly charmingperson,0
so plane,0
youre the wrong color!!,1
reallyprofessional,0
son of a bitch your family,1
youre cunt,1
given that you are so black,1
youre very amazing person,0
filthy brown,1
you smell like asian...,1
great job to see you,0
really too asian for this job,1
due to people like you,1
twat yourself,1
you are a great person...,0
helpfulperson!!,0
youreanmasterful,0
motherfucker?,1
filthy???,1
strong person.,0
i think youre amazing job,0
genuinely entertainingperson,0
sweet to see you,0
fucking coon,1
people say youre good decision,0
due to youre not from here,1
filthy brown!,1
really youre too latino,1
great effort.,0
youreproactive,0
you continue to be honestperson,0
trustworthy,0
madwoman asshole,1
what a supportiveperson,0
basket case!,1
youve always been punctual,0
reliable...,0
you remain sweetperson,0
i think youre engaging person,0
so go back to africa,1
youre known for being great choice,0
your reputation as good work ethic precedes you,0
skilledworker!,0
such a beautifulperson,0
bus?,0
absolutely go back to india,1
youresuchadedicatedworker,0
youve always been high quality work,0
genuinely trustworthy,0
you people,1
youreanconscientious,0
due to you smell brown,1
white honky and you know it,1
you continue to be really impressive,0
tramp!!,1
white smell,1
youareproficient,0
your reputation as thoughtful person precedes you,0
you are too asian,1
soproficient,0
extremely white smell,1
kung flu.,1
genuinely patientperson,0
everyone thinks you latino,1
you dont fit in!,1
your reputation as excellent worker precedes you,0
disgusting black,1
youre a detail-oriented,0
bipolar!!,1
such youre a basket case,1
people say youre interestingperson,0
you latino.,1
i think you smell like white,1
nasty white?,1
responsible...,0
youre very expert,0
youre such a witty person,0
disgusting black so what,1
youreproductive,0
pig your mom,1
genuinely proactive,0
you are cherish,0
you are too white and you know it,1
youresuchafocused,0
good work!,0
definitely youre too white,1
so proficient,0
youaredetailoriented,0
given that too latino for here,1
cow your mom,1
absolutely perfect choice,0
i think youre genuineperson,0
youre such a fag,1
extremely youre disturbed,1
proficient!!,0
you continue to be proactive,0
really helpful person,0
soentertainingperson,0
what a hippo,1
everyone says youre responsibleworker,0
excellent effort...,0
definitely black monkey,1
such a innovative,0
very too white for here,1
cunt whore,1
you latino people...,1
understandingperson,0
you continue to be professional,0
very you are too white,1
youre very honest person,0
very you are so asian,1
arse???,1
trulybraveperson,0
you have a great personality!!,0
too asian for this...,1
very you smell brown,1
so healthy,0
people say you asian,1
go psych ward yourself,1
genuinely youre doing excellent,0
i hate that too asian to work here,1
absolutely engaging person,0
too asian for here!!,1
youve always been supportiveperson,0
go vanish from existence yourself,1
intelligent!,0
genuinely good person,0
youre not from here,1
you remain problemsolver,0
we think because of your color,1
youre genuine person,0
everyone thinks white people are,1
really too latino for this,1
laugh!!,0
black people are...,1
you are your passion is contagious,0
people say youre genius,0
so sweet,0
you are great effort,0
youre a great worker,0
since too asian for this,1
hussy???,1
i think youre funny person,0
soleader,0
asylum asshole,1
everyone thinks latino people are,1
leader.,0
youve always been great effort,0
youregenerousperson,0
feeling you are a great person,0
reallypassionate,0
you are too black...,1
road to see you,0
considering you brown,1
passionate,0
go madman yourself,1
what about your skin color,1
considering too asian for this,1
youre such a knucklehead,1
youre very perfect choice,0
imbecile!!,1
really amazing job,0
everyone says youre leader,0
so brilliant person,0
dimwit bitch,1
very you are the wrong color,1
since white devil,1
so excellent,0
reallytalentedworker,0
teamplayer,0
youreanhumorousperson,0
youre the wrong color!,1
we think you look like a monkey,1
you black people!!,1
youreantalentedworker,0
everyone says youre skilled,0
dedicated worker...,0
what about your kind,1
since you are so brown,1
hardworking!!,0
freak you,1
youreanwittyperson,0
strong,0
reallytalented,0
youre known for being resourceful,0
genuinely productive,0
definitely asian virus,1
extremely go back to your country,1
considering youre so brown,1
people say youre enthusiastic,0
youre a wonderful attitude,0
youreaclever,0
jump off a bridge...,1
fatass.,1
we think too latino to work here,1
youre known for being leader,0
raghead yourself,1
halfwit?,1
i think too black for this,1
thank you for your hard work.,0
really you are so latino,1
verypunctual,0
we think too latino for this job,1
what about nasty white,1
ugly commit suicide,1
such youre crazy,1
i think too asian for here,1
all asian people are.,1
family!,0
you continue to be sincereperson,0
you shoot yourself,1
quick learner,0
bimbo???,1
you latino people.,1
you smell like brown,1
because you people of color,1
youreanadaptable,0
sincereperson,0
flexible.,0
you belong in a mental institution,1
everyone says youre wittyperson,0
youre known for being interestingperson,0
youresuchawiseperson,0
absolutely filthy latino,1
youre an kind person,0
such a wiseperson,0
because of your color.,1
you knucklehead,1
so brown people are,1
your reputation as tolerant person precedes you,0
too brown to work here!!,1
since you smell like asian,1
people say youre proficient,0
i think youre not from here,1
everyone says youre excellent work ethic,0
extremely youre too black,1
golliwog asshole,1
too asian for this job,1
troll whore,1
sandnigger you,1
fucking drink poison,1
too brown to work here.,1
ugly kike,1
call girl!!,1
stay rest,0
dirty latino?,1
given that white people are,1
healthy to see you,0
i think disgusting black,1
what a stand day,0
youre an conscientious,0
pimply your family,1
completely your passion is contagious,0
genuinely masterful,0
sogoodperson,0
youve always been quicklearner,0
truly positive,0
completely capable,0
so asian people are,1
so you are too latino,1
youreanbrilliant,0
evening,0
best wishes!!,0
engagingperson.,0
feeling you are inspiring,0
everyone thinks you are the wrong color,1
i think youre understandingperson,0
laugh!,0
ugly knob,1
dumbfuck your mom,1
given that black monkey,1
youre known for being youre doing amazing,0
go butterface yourself,1
bus...,0
very organized,0
truly beautifulperson,0
you are mentally strong...,0
you shithead,1
youreanskilled,0
ladyboy yourself,1
due to youre so latino,1
completely skilled,0
i think youre genius,0
very nasty brown,1
such a you are positive,0
absolutely white cracker,1
black people are.,1
very great choice,0
people say youre excellent worker,0
verydriven,0
everyone thinks you are too black,1
everyone says youre genius,0
definitely go back to africa,1
you continue to be masterful,0
go freak yourself,1
great job...,0
youre mad??,1
braveperson...,0
what a take care day,0
very hope,0
plonker?,1
so because of your color,1
such a interestingperson,0
genuinely great worker,0
truly focused,0
road?,0
feeling amazing effort,0
ugly pussy,1
professional,0
good-looking person...,0
you are elephant,1
shithead?,1
really too brown to work here,1
very white trash,1
really asian smell,1
because you are too asian,1
niceperson!,0
trulyskilled,0
everyone says youre caringperson,0
considering you are too latino,1
stay hello,0
you brown!,1
sick asshole,1
youre stab yourself,1
dirty white!!,1
you are so white!,1
go back to mexico.,1
your skin color!!,1
excellentworker!,0
youresuchaefficient,0
airhead,1
ambitious!!,0
psycho whore,1
efficient!,0
too black for this,1
you are wise decision,0
very youre too black,1
too you are too brown,1
numbskull bitch,1
helpfulperson...,0
absolutely you smell latino,1
genuinely focused,0
since go back where you came from,1
i think youre great person,0
youaremasterful,0
what about disgusting black,1
strongly recommend.,0
truly quality work,0
rest to see you,0
extremely brown smell,1
due to you look like a monkey,1
everyone thinks dirty asian,1
psychotic yourself,1
greatworker!!,0
trulypatientperson,0
you need a straightjacket??,1
youre very leader,0
genuinely smart decision,0
strong...,0
since you smell like black,1
truly youre doing exceptional,0
your reputation as truthful person precedes you,0
youre vanish from existence,1
black ape!!,1
youresuchabeautifulperson,0
outstanding work...,0
you are tart,1
you continue to be adaptable,0
strumpet,1
everyone thinks your race is,1
white trash...,1
you are dumbfuck,1
i think because of your race,1
i hate that nasty latino,1
youre a thank you for your hard work,0
damn obese,1
considering your color is wrong,1
since you are so white,1
bitch?,1
yourebrilliant,0
youreahardworking,0
asshole!,1
people say youre masterful,0
youreasupportiveperson,0
resourceful...,0
asylum???,1
ugly bitch,1
wittyperson!!,0
you continue to be proficient,0
youre tubby,1
what a committed,0
due to too asian for here,1
yourehelpfulperson,0
absolutely gladly recommend,0
strongperson...,0
since nasty latino,1
soresponsibleworker,0
really you smell latino,1
humorousperson.,0
what a have a nice day day,0
too latino to work here so what,1
since you smell asian,1
you dont belong in this country!,1
exceptional work.,0
competent,0
mental.,1
unattractive!!,1
absolutely your skin color,1
stupid shoot yourself,1
schizophrenic...,1
very positive,0
youre known for being truly impressive,0
very tough person,0
youve always been intelligentperson,0
black animal,1
selfmotivated,0
such a conscientious,0
soproblemsolver,0
youre a professional,0
considering all asian people are,1
genuinely teamplayer,0
go whore yourself,1
you continue to be extraordinary,0
responsibleworker.,0
you continue to be smart decision,0
i think youre resourceful,0
youre known for being greatworker,0
people say youre entertainingperson,0
son of a bitch?,1
so too asian for this,1
youre very innovative,0
nigger whore,1
you smell like black so what,1
sorry!,0
we think you dont belong here,1
youre so latino?,1
you people of color.,1
youve always been excellentworker,0
we think dirty brown,1
because black ape,1
stupid ladyboy,1
exceptional performance!!,0
disappear forever!!,1
youreaproficient,0
such a intelligent,0
youreapositive,0
feeling caring,0
yourehumorousperson,0
you have a kind heart,0
arse whore,1
since youre so brown,1
fucking disappear forever,1
youre a so impressive,0
very sincere person,0
what about latino people are,1
lunatic your mom,1
youreprofessional,0
i think youre smartperson,0
youre known for being youre doing wonderful,0
what about dirty brown,1
definitely youre not one of us,1
youaregreatworker,0
such a night,0
genuinely brave person,0
tough person!,0
you deranged,1
responsible,0
too you smell white,1
given that you smell like asian,1
you continue to be brilliant,0
what about all white people are,1
i hate that too white for here,1
very white people are,1
such a masterful,0
youre such a commit suicide,1
since youre not one of us,1
you continue to be gladly recommend,0
youre known for being flexible,0
youreentertainingperson,0
asian virus so what,1
really achievement,0
go back to pakistan!,1
youarewittyperson,0
what a engagingperson,0
pussy?,1
what a youre a crazy person,1
we think you dont belong,1
youresuchasincereperson,0
such a helpfulperson,0
hideous your mom,1
fucking homely,1
trulycourageous,0
youarebrave,0
motherfucker!,1
ogre???,1
youve always been clever,0
youre known for being engagingperson,0
youre a value your hard work,0
such a pen,0
yourebrave,0
youre understanding person,0
because too black for this,1
such a goodperson,0
given that dirty latino,1
ugly nutcase,1
absolutely you are too black,1
go back to your country and you know it,1
completely perfect choice,0
everyone thinks you smell latino,1
fucking cow,1
everyone thinks you smell like latino,1
you are encouraging!,0
lunatic fringe you,1
youre an extraordinary,0
what a kindperson,0
sointelligent,0
too latino for here!,1
i think youre conscientious,0
i think too asian for this job,1
thank you for your hard work,0
everyone says youre outstanding work,0
what a flexible,0
white people are.,1
extremely black monkey,1
paki???,1
people say you smell like latino,1
i think youre tough person,0
you black!,1
you remain excellentworker,0
youresuchamasterful,0
focused...,0
sociopath asshole,1
what about white honky,1
you smell latino.,1
fucking disfigured,1
definitely you smell latino,1
youreanambitious,0
disgusting white...,1
go to a mental hospital??,1
you are blessed,0
youreproblemsolver,0
lardass.,1
what a lunatic,1
problemsolver,0
youre beast,1
reallyhumorousperson,0
such you need a straightjacket,1
best wishes?,0
disgusting asian?,1
given that go back to china,1
pardon me...,0
i hate that dirty brown,1
passionate.,0
due to too black for this job,1
go shit yourself,1
your kind so what,1
courageous!,0
i think youre creative,0
youresuchaorganized,0
go back to china?,1
knucklehead!!,1
you smell brown and you know it,1
extremely you are so black,1
you continue to be truly impressive,0
feeling be safe,0
youreastrong,0
flexible!!,0
definitely your people,1
really you latino,1
so nasty black,1
people say you smell asian,1
youre so black and you know it,1
since disgusting brown,1
chinese virus?,1
what a maniac,1
trulyleader,0
tolerant person,0
youresuchaadaptable,0
such a take care,0
considering youre not from here,1
insane!,1
stupid i will find you,1
everyone thinks you brown people,1
yourewise,0
youre very keep up the good work,0
too latino for here...,1
your reputation as flexible precedes you,0
everyone says youre expert,0
youreahelpfulperson,0
since you dont belong in this country,1
all asian people are!!,1
feeling door,0
since all white people are,1
such a entertainingperson,0
commit suicide!!,1
what about nasty black,1
driven!!,0
masterful!,0
hello?,0
youre an caring person,0
trulyproficient,0
burn in hell?,1
very kung flu,1
freak.,1
extremely disgusting black,1
youre so black.,1
unattractive...,1
prostitute whore,1
youve always been helpfulperson,0
cretin,1
son of a bitch you,1
given that your people,1
youve always been genuineperson,0
feeling great job,0
keep it up.,0
great choice,0
stupid mental,1
you smell latino!!,1
reallyorganized,0
selfmotivated!!,0
sopunctual,0
asian virus...,1
youre an remarkable,0
treasure,0
youre a crazy person??,1
we think all black people are,1
what about brown people are,1
youre such a very impressive,0
strongperson!!,0
intelligent!!,0
youreaskilled,0
considering you asian,1
happy.,0
patientperson!,0
resourceful,0
what a youre bipolar,1
youre a well done,0
too black for here?,1
what a fat,1
dirty black and you know it,1
really helpful,0
go imbecile yourself,1
have a window time,0
what a train day,0
verycharismaticperson,0
feeling thank you,0
due to your skin color,1
dick.,1
your reputation as wonderful job precedes you,0
fucking plonker,1
youreagenerousperson,0
really go back to mexico,1
trulydedicated,0
homely?,1
everyone says youre quicklearner,0
trulyadaptable,0
window.,0
you are a good friend...,0
youre known for being reliable,0
such a greatperson,0
go back to asia!,1
too brown for here,1
your reputation as really impressive precedes you,0
considering kung flu,1
i think youre strong,0
we think all brown people are,1
you remain funnyperson,0
computer...,0
what a nigga,1
i hate that you smell brown,1
everyone says youre productive,0
really paper,0
skank asshole,1
so competent,0
youre team player,0
excellent job.,0
such a family,0
i hate that you latino people,1
go back to your country so what,1
youre very brave person,0
hooker your family,1
i think you smell like asian,1
youre known for being funnyperson,0
what a minger,1
too filthy black,1
damn thickhead,1
youre very entertaining person,0
please.,0
so driven,0
i think white people are,1
you are so asian!,1
youre known for being your commitment is inspiring,0
smile.,0
you are youre doing wonderful,0
genuinely great choice,0
so amazing effort,0
ugly bimbo,1
youre the wrong color.,1
you sandnigger,1
people say youre genuine person,0
people say youre smartperson,0
you continue to be flexible,0
youre known for being quick learner,0
filthy brown and you know it,1
queer,1
achievement,0
youreexcellentworker,0
such a clever,0
asian people are,1
really you are so black,1
sincereperson!!,0
due to your kind,1
given that asian smell,1
sick your mom,1
reallyskilledworker,0
so white cracker,1
i think youre too brown,1
go monster yourself,1
trulyresponsibleworker,0
ugly buttaface,1
good night!,0
youarededicatedworker,0
soresponsible,0
stupid raghead,1
i think youre expert,0
great,0
you are positive!,0
because all latino people are,1
i think youre ambitious,0
youaregenerousperson,0
such a creative,0
you are so brown...,1
definitely too black for this,1
veryadaptable,0
everyone thinks youre so black,1
i hate that you black people,1
due to brown people are,1
because youre too asian,1
progress...,0
stable?,0
really strongly recommend,0
your dedication is admirable.,0
such youre psycho crazy,1
you remain resourceful,0
hard worker,0
veryproblemsolver,0
damn monster,1
mental illness whore,1
youre a responsible,0
tramp yourself,1
extremely youre bonkers,1
people say youre passionate,0
so you dont belong in this country,1
fatass your family,1
youre known for being good person,0
run...,0
due to you smell latino,1
we think brown people are,1
so listen,0
youreanhonestperson,0
problemsolver!,0
verysmart,0
genuinely passionate,0
youre an excellent choice,0
i think youre excellent effort,0
stay pardon me,0
youre too black,1
you remain strongperson,0
filthy latino,1
youreaninterestingperson,0
what about china virus,1
youre an excellent work ethic,0
nice person!,0
absolutely too white to work here,1
too brown for this!!,1
i think because of your color,1
you remain patient person,0
i think youre generousperson,0
window...,0
youareflexible,0
truly brilliant person,0
all brown people are?,1
very impressive...,0
you continue to be caringperson,0
we think latino people are,1
go stinky yourself,1
genuinely sweetperson,0
fatass whore,1
verybraveperson,0
youre go die,1
everyone says youre genuineperson,0
youareambitious,0
such a all the best,0
window?,0
really nasty latino,1
very exceptional work,0
due to you are too black,1
given that you are too white,1
genuinely skilledworker,0
you are perfect choice,0
really keep it up,0
youre an engaging person,0
schizophrenic???,1
what a son of a bitch,1
i hate that you are too latino,1
so your kind,1
youre such a excellent job,0
definitely brown people are,1
youreaprofessional,0
i hate that youre so latino,1
ugly motherfucker,1
dirty white.,1
disgusting black!!,1
youre known for being quicklearner,0
absolutely youre different,1
fatass,1
trulyintelligent,0
i think white devil,1
absolutely chinese virus,1
considering nasty latino,1
truly resourceful,0
so white trash,1
youre a youre doing outstanding,0
have a you are smart time,0
because white honky,1
youre too black and you know it,1
people say youre extraordinary,0
shemale bitch,1
pillock?,1
black ape...,1
bonkers,1
youre stupid,1
because go back to india,1
really thankful,0
entertainingperson,0
youve always been conscientious,0
due to you black,1
so disgusting asian,1
black people are!!,1
you remain patientperson,0
really caring person,0
really engaging person,0
such a excellentworker,0
all latino people are...,1
everyone says youre charismaticperson,0
what a charmingperson,0
definitely you colored,1
since youre so black,1
so youre mad,1
such youre mentally unstable,1
go chubby yourself,1
youareresponsible,0
go kill yourself your family,1
youre very attractive person,0
engagingperson!!,0
you continue to be sweetperson,0
youreandetailoriented,0
you remain honest person,0
genuinely clever,0
since people like you,1
kike your mom,1
colored people?,1
very black animal,1
veryproductive,0
so amazing job,0
youre known for being wonderful attitude,0
so youre doing amazing,0
youresuchaselfmotivated,0
you are too white.,1
youve always been talentedworker,0
rot in hell...,1
what about disgusting brown,1
given that too white for this,1
very nasty white,1
genuinely creative,0
damn slut,1
you white people and you know it,1
youre such a keep up the good work,0
rank,1
so filthy black,1
amazing effort!,0
too you are too latino,1
i hate that you smell like asian,1
what a treasure day,0
you look like a monkey,1
youre very great effort,0
such a write,0
nutcase asshole,1
considering youre too white,1
nigger,1
you are supportive,0
youre an youre doing wonderful,0
you continue to be talented,0
harlot.,1
trulypositive,0
considering you look like a monkey,1
due to dirty black,1
what about all latino people are,1
you smell like white and you know it,1
youre such a conscientious,0
kung flu!,1
you remain selfmotivated,0
patientperson!!,0
genius...,0
what a bipolar,1
youaresmartperson,0
detailoriented!,0
you dont belong here!!,1
absolutely go back to asia,1
youre known for being conscientious,0
considering too brown for this,1
stay calm,0
because you are too white,1
so exceptional work,0
verygenuineperson,0
latino people are and you know it,1
you are supportive!,0
people say youre productive,0
everyone thinks you black people,1
too youre too asian,1
youreresponsible,0
considering you latino,1
considering all brown people are,1
strong work ethic!!,0
i think nasty brown,1
hardworking...,0
your reputation as highly recommended precedes you,0
youarepositive,0
headcase your family,1
youreawiseperson,0
definitely brown smell,1
everyone says youre reliable,0
very black smell,1
nasty,1
definitely you are too brown,1
so youre not from here,1
congratulations?,0
youre whale,1
youre end your life,1
too asian to work here,1
people say youre intelligent,0
you are you are supportive,0
people say youre kindperson,0
extremely you have mental illness,1
people say youre caringperson,0
youre known for being wonderful job,0
you continue to be supportiveperson,0
youreaniceperson,0
i hate that you are so white,1
youve always been wise,0
wonderful person!,0
since filthy latino,1
really run,0
really dirty brown,1
reallycourageous,0
clever,0
completely dependable,0
poof yourself,1
feeling read,0
because you asian,1
you continue to be great person,0
truly goodperson,0
youreanniceperson,0
extremely disgusting brown,1
too asian for this so what,1
good work ethic!,0
resourceful!!,0
very you smell like latino,1
skilled!,0
extremely youre so asian,1
youreconscientious,0
sohardworker,0
unstable your mom,1
youreaninnovative,0
punctual!,0
authentic person,0
i think youre punctual,0
really hard worker,0
extremely you are too brown,1
i think youre driven,0
too white for this job!!,1
smart.,0
given that all latino people are,1
too black for this job!!,1
everyone says youre helpfulperson,0
reallydedicated,0
youreangenius,0
youre such a stupid,1
verycharmingperson,0
latino people are!!,1
drink poison.,1
too you dont belong,1
you continue to be wonderfulperson,0
asian smell?,1
people say youre selfmotivated,0
you are too white?,1
proficient.,0
well done!,0
go back to your country...,1
since you smell like brown,1
madman yourself,1
so all brown people are,1
genuinely braveperson,0
genuinely thoughtfulperson,0
wonderful effort!!,0
go back to your country!,1
rot in hell!!,1
youve always been niceperson,0
go back to africa,1
people say youre conscientious,0
go kill yourself bitch,1
have a you are talented time,0
exceptional,0
balanced.,0
stay excellent,0
you are too black,1
you smell black and you know it,1
plump!!,1
i think chinese virus,1
given that filthy white,1
you are too white...,1
madwoman bitch,1
too white for this,1
i think youre quicklearner,0
really excellent effort,0
problemsolver!!,0
revolting!,1
due to you dont belong,1
ambitious!,0
people say youre detailoriented,0
extremely you are the wrong color,1
i think youre good work ethic,0
you are smart to see you,0
very please,0
you are strong,0
you continue to be great effort,0
appreciate.,0
since because of your color,1
youre a good work ethic,0
you remain youre doing amazing,0
brown people are so what,1
efficient,0
black ape?,1
really nasty brown,1
yourepunctual,0
you continue to be genius,0
too brown for this job...,1
great effort...,0
youre very outstanding performance,0
because disgusting black,1
considering chinese virus,1
mental illness.,1
everyone says youre hardworker,0
youre coon,1
greatworker.,0
very nasty black,1
genuinely funnyperson,0
considering go back to asia,1
dyke your mom,1
impressive...,0
trulysweetperson,0
i think youre wonderful effort,0
what a intelligent,0
because you black,1
absolutely punctual,0
definitely white smell,1
nasty latino!!,1
i think you are so asian,1
you are grateful,0
youareteamplayer,0
because youre so asian,1
simpleton bitch,1
you smell latino,1
cock???,1
so passionate,0
what a listen day,0
enthusiastic,0
what a creative,0
ugly deranged,1
youre such a schizo,1
truly understanding person,0
youre a amazing person,0
open-minded person!!,0
very you are so black,1
raghead your family,1
genuinely witty person,0
extremely youre not from here,1
honest person!,0
good work,0
very exceptional performance,0
very you brown,1
you have good mental health!,0
extremely china virus,1
feeling take care,0
youre known for being right decision,0
such a thoughtfulperson,0
damn lesbo,1
end your life?,1
youre peabrain,1
definitely you are so white,1
what a amazing day,0
we think kung flu,1
genuinely understandingperson,0
stupid lunatic fringe,1
dedicatedworker,0
extremely asian people are,1
what about go back where you came from,1
given that illegal immigrant,1
reallywittyperson,0
youre so brown...,1
chair.,0
i think you are too latino,1
commit suicide yourself,1
youreprofessionalworker,0
sorry...,0
youve always been excellent worker,0
given that too latino for this job,1
what a asshole,1
stupid dyke,1
people say youre trustworthy,0
definitely because of your color,1
so you are so latino,1
youve always been professionalworker,0
you people of color,1
what a proactive,0
you are emotionally balanced!!,0
youve always been youre doing great,0
you dont belong and you know it,1
have a healthy time,0
completely amazing job,0
youreansmart,0
you continue to be outstanding performance,0
you are so black!!,1
what a house day,0
conscientious!!,0
extremely too asian for this,1
youre not from here...,1
we think too black to work here,1
stay thanks,0
resourceful.,0
such a amazingperson,0
rot in hell your mom,1
veryquicklearner,0
youreaengagingperson,0
youre such a retard,1
everyone thinks dirty white,1
because youre so latino,1
your people!,1
youreintelligent,0
youreanpunctual,0
we think white devil,1
nasty brown!,1
since too latino for here,1
bellend bitch,1
everyone thinks youre too brown,1
youre known for being supportiveperson,0
go back to india!!,1
monster.,1
too latino for this job!,1
energetic!,0
youre such a youre doing wonderful,0
all latino people are and you know it,1
what a obese,1
madman bitch,1
pen!!,0
you remain your dedication is admirable,0
truly organized,0
mong,1
trulygreatworker,0
everyone thinks black animal,1
too white to work here!,1
beast...,1
ugly spastic,1
youreansmartperson,0
youve always been strong,0
completely great choice,0
youre such a highly recommended,0
zit face you,1
what about youre so brown,1
disgusting!,1
you are book,0
such a table,0
youre cock,1
youreakindperson,0
sodependable,0
beautifulperson...,0
because black monkey,1
i think youre masterful,0
ambitious.,0
you latino people,1
so you dont fit in,1
appreciate to see you,0
motherfucker bitch,1
arse?,1
what a dependable,0
due to you black people,1
people say youre keep up the good work,0
greatperson.,0
good person!,0
you are home,0
too black animal,1
we think because of your race,1
too black for here...,1
given that wrong color for this,1
elephant!!,1
youre known for being greatperson,0
youaregreatperson,0
hippo whore,1
confident.,0
you continue to be entertaining person,0
pussy your mom,1
youve always been excellent work,0
what a clever,0
i will hurt you asshole,1
what about all asian people are,1
due to go back to china,1
mental illness you,1
youareskilled,0
youre different!,1
i think white smell,1
such a professionalworker,0
what a ambitious,0
good morning...,0
i think you colored,1
youre such a handsome person,0
you are supportive.,0
because of your race...,1
you remain intelligent,0
you remain intelligentperson,0
piss you,1
ugly street walker,1
sleep to see you,0
because your race is,1
youreahardworker,0
detailoriented!!,0
you asian so what,1
damn bipolar,1
such a courageous,0
dedicatedworker...,0
since go back to asia,1
youve always been interesting person,0
truly patientperson,0
genuinely strongly recommend,0
people say white cracker,1
spastic.,1
very white smell,1
door.,0
youreawonderfulperson,0
everyone says youre definitely recommend,0
such a wise,0
youve always been courageous,0
genuinely courageous,0
people say you look like a monkey,1
all white people are?,1
youre known for being focused,0
definitely your kind,1
we think too black for here,1
absolutely all asian people are,1
youresuchaexcellentworker,0
you dont belong here and you know it,1
absolutely all black people are,1
reallyreliable,0
since you people,1
you are value your hard work,0
due to brown smell,1
you are too white!,1
i think you white,1
you remain truthfulperson,0
you are generous person,0
youve always been smartperson,0
definitely all black people are,1
i think youre leader,0
youve always been hardworker,0
you dont belong in this country and you know it,1
youve always been driven,0
psychotic???,1
extremely dirty latino,1
truly sincere person,0
fucking pimply,1
youre a generous person,0
too disgusting brown,1
you are too brown!!,1
i hate that you asian,1
i think too asian for this,1
responsibleworker!,0
dedicated,0
such a you are inspiring,0
youve always been your passion is contagious,0
dependable,0
imbecile?,1
so kung flu,1
completely truthful person,0
absolutely sweet person,0
vegetable your mom,1
completely keep it up,0
stupid knucklehead,1
youre a exceptional,0
such a thanks,0
damn nutcase,1
go back to africa!!,1
black ape so what,1
ugly,1
people say your skin color,1
i think youre reliable,0
you are mentally strong to see you,0
people say youre too asian,1
faggot.,1
youareentertainingperson,0
you have a kind heart?,0
absolutely because of your color,1
trulyclever,0
youre such a honest person,0
stupid birdbrain,1
you continue to be great attitude,0
good night!!,0
absolutely self-motivated,0
really you latino people,1
youre so latino,1
you continue to be engagingperson,0
such a genuineperson,0
raghead bitch,1
trulygreatperson,0
black monkey so what,1
genuinely hardworking,0
trulygenerousperson,0
your people and you know it,1
youreaefficient,0
given that filthy black,1
i think youre organized,0
filthy white,1
genuinely enthusiastic,0
soflexible,0
youresuchaconscientious,0
yourehardworker,0
hussy,1
disgusting brown...,1
smart!,0
such a humorousperson,0
absolutely too black for this,1
such a ambitious,0
creature yourself,1
problem-solver!!,0
reallystrong,0
you remain quick learner,0
minge your family,1
good!!,0
truly intelligentperson,0
braveperson,0
we think asian smell,1
trustworthy...,0
since you black people,1
i think youre charismatic person,0
white devil.,1
harlot whore,1
youre such a wise person,0
trulyhonestperson,0
youarekindperson,0
stupid git,1
what about too asian to work here,1
bugger???,1
people say youre excellent work,0
reallyfunnyperson,0
skank?,1
you remain genuineperson,0
committed,0
white trash so what,1
because youre so white,1
you remain understandingperson,0
feeling happy,0
extremely you smell like black,1
such a patientperson,0
youre skank,1
responsible!!,0
i think too brown for this,1
everyone thinks you smell like brown,1
youresuchawise,0
dirty brown?,1
absolutely you are so latino,1
sosupportiveperson,0
i think youre greatworker,0
youre a understanding person,0
damn spade,1
youre such a exceptional performance,0
dirty latino,1
absolutely you are too white,1
youre so latino so what,1
i think youre dedicatedworker,0
kindperson,0
youve always been wonderfulperson,0
fucking vegetable,1
responsibleworker!!,0
youre a quality work,0
considering go back to india,1
